"""柠檬殿堂招大爹""",2063999086,"""柠檬硬糖保3会招人F""",1,1
"""明晚六点下班协会""",2032566718,"""矢泽妮可(同萌协会)""",2,2
"""小魔仙掉刀行会""",2015235703,"""^三白白白^""",3,3
"""月下莲""",2004691526,"""玄文^""",8,4
"""咸鱼湾""",1975606334,"""川澄舞""",6,5
"""双子天天掉刀会""",1954315726,"""春剑鲨鲨鲨""",9,6
"""QAQ编编故事早下班""",1948682363,"""最帅最欧""",7,7
"""装兔子的冰箱""",1926148044,"""两仪""",4,8
"""魔灵学院""",1925562724,"""小百灵FH i""",21,9
"""希望之花""",1924842289,"""艾利乌德""",17,10
"""休闲养老没烦恼""",1924560311,"""快看彩虹""",11,11
"""莱茵骑士团""",1917507991,"""红茶（莱茵最大内鬼）""",15,12
"""无痕又掉刀了！痛哭！""",1907651571,"""无痕2号""",13,13
"""泡泡茶壶""",1895884418,"""幸运小剑F""",10,14
"""兰德索尔动物园""",1891028951,"""龟龟睡大觉""",100,15
"""拉比 直接开摆！""",1856151498,"""千千酱""",14,16
"""猫猫连结""",1854299728,"""流炫（招人看简介）""",23,17
"""心理疾病医院""",1846420950,"""Monokuma""",18,18
"""灬欧洲兔兔连萌灬""",1845887636,"""兔兔灬狐狸贴贴""",19,19
"""照相馆陪大家一起掉刀""",1819461107,"""decade""",25,20
"""咕噜灵波~转一圈？""",1801565341,"""这是六个数字四个字母""",27,21
"""观潮阁金牛座备战收人""",1795819457,"""观潮阁-贤狼赫萝""",22,22
"""宫商角徵羽""",1786303665,"""绫濑夕映""",24,23
"""梦与魔法的乐园""",1766067166,"""梦天真""",32,24
"""迦勒底的异世界观星所""",1757156050,"""苏月曦^""",20,25
"""万年传承幻想乡""",1747660941,"""蓝天""",30,26
"""圣衡骑士团""",1740973763,"""PAL.星菓""",46,27
"""炼铜术士聚集地""",1735295259,"""奥修""",42,28
"""QAQ萌国联邦""",1733872636,"""~利姆露~i""",37,29
"""洗浴中心""",1732859185,"""朔月""",29,30
"""君悦君兮君不知""",1720511590,"""筱説""",36,31
"""圣威院""",1719358371,"""星回尘河""",33,32
"""千恋丶万花灬丛云赛高""",1713850073,"""呓语""",54,33
"""QAQ掉刀老司姬""",1700391863,"""芈夜""",45,34
"""加把劲骑士团""",1687239249,"""掩饰""",48,35
"""星月晓颜""",1686472625,"""光月紫""",44,36
"""会长急救中心""",1683329715,"""三三""",39,37
"""西红柿炒鸡蛋""",1681084161,"""非伤""",34,38
"""莫得感情的行会""",1676598368,"""天使w魔鬼乄""",41,39
"""小心圣锤暴击""",1676465897,"""月白""",49,40
"""流光雾中萤""",1667461855,"""见切 FHi""",35,41
"""珈百璃的后宫团""",1664257301,"""珈百璃""",38,42
"""瑶光""",1663847536,"""芥荨""",61,43
"""大枫树""",1654750234,"""夏嘻嘻""",64,44
"""简简单单最真""",1639787146,"""青山七海""",50,45
"""灰与幻想的格林姆迦尔""",1631584735,"""春酒""",43,46
"""星城""",1618560600,"""焊接者""",53,47
"""真步公主护卫会""",1617113825,"""柚柚子""",40,48
"""红魔馆""",1611183802,"""驱纹戒斗""",70,49
"""QAQ拉胯鱼塘""",1592004802,"""月藜""",57,50
"""风域""",1574295139,"""男妈i""",63,51
"""公主近卫团""",1569361580,"""叮咚丶""",52,52
"""绫绫""",1566380159,"""田心田""",58,53
"""龙宝等混吃混喝回家""",1565088288,"""迷路镇的库露宓""",89,54
"""放学后茶会""",1555323538,"""諾蓓兒""",90,55
"""C5算法分析""",1546770311,"""伞伞""",47,56
"""初音MIKU小幸运""",1546153971,"""Zlonix""",85,57
"""彼岸花曼珠沙华""",1538365785,"""红茶我的最爱丶""",91,58
"""某正义的巴别塔""",1532101289,"""欧皇""",55,59
"""獨行天下""",1531288143,"""腹黑的兔子""",56,60
