"""柠檬殿堂招大爹""",2643987638,"""柠檬硬糖保3会招人F""",1,1
"""同萌协会下班了~""",2613840473,"""矢泽妮可(同萌协会)""",2,2
"""小魔仙掉刀行会""",2590916405,"""^三白白白^""",3,3
"""月下莲""",2570535856,"""玄文^""",8,4
"""咸鱼湾""",2528295007,"""川澄舞""",6,5
"""双子天天掉刀会""",2514026877,"""春剑鲨鲨鲨""",9,6
"""QAQ编编故事早下班""",2506394133,"""最帅最欧""",7,7
"""休闲养老没烦恼""",2484633925,"""快看彩虹""",11,8
"""装兔子的冰箱""",2480276627,"""两仪""",4,9
"""魔灵学院""",2468491685,"""小百灵FH i""",21,10
"""希望之花""",2463804268,"""艾利乌德""",17,11
"""莱茵骑士团""",2457907425,"""红茶（莱茵最大内鬼）""",15,12
"""无痕又掉刀了！痛哭！""",2440915679,"""无痕2号""",13,13
"""动物园不想努力了""",2437612058,"""龟龟睡大觉""",100,14
"""泡泡茶壶""",2430208818,"""幸运小剑F""",10,15
"""猫猫连结""",2379940430,"""流炫（招人看简介）""",23,16
"""拉比 直接开摆！""",2378640868,"""千千酱""",14,17
"""心理疾病医院""",2362234553,"""Monokuma""",18,18
"""灬欧洲兔兔连萌灬""",2344293589,"""兔兔灬狐狸贴贴""",19,19
"""照相馆陪大家一起掉刀""",2333458861,"""decade""",25,20
"""观潮阁金牛座备战收人""",2333076754,"""观潮阁-贤狼赫萝""",22,21
"""咕噜灵波~转一圈？""",2326750454,"""这是六个数字四个字母""",27,22
"""宫商角徵羽""",2293066782,"""绫濑夕映""",24,23
"""梦与魔法的乐园""",2275042475,"""梦天真""",32,24
"""迦勒底的异世界观星所""",2242322091,"""苏月曦^""",20,25
"""万年传承幻想乡""",2239878771,"""蓝天""",30,26
"""君悦君兮君不知""",2234523510,"""筱説""",36,27
"""炼铜术士聚集地""",2229589633,"""奥修""",42,28
"""洗浴中心""",2228776781,"""朔月""",29,29
"""圣衡骑士团""",2227479795,"""PAL.星菓""",46,30
"""QAQ萌国联邦""",2221584366,"""~利姆露~i""",37,31
"""圣威院""",2207065396,"""星回尘河""",33,32
"""千恋丶万花灬丛云赛高""",2204538468,"""呓语""",54,33
"""QAQ寄姬协会""",2184425581,"""芈夜""",45,34
"""加把劲骑士团""",2177101430,"""掩饰""",48,35
"""星月晓颜""",2173959676,"""光月紫""",44,36
"""西红柿炒鸡蛋""",2170865599,"""非伤""",34,37
"""会长急救中心""",2168481925,"""三三""",39,38
"""瑶光""",2167006542,"""芥荨""",61,39
"""流光雾中萤""",2160180355,"""见切 FHi""",35,40
"""会长在树上""",2137470270,"""月白""",49,41
"""大枫树""",2136012785,"""夏嘻嘻""",64,42
"""莫得感情的行会""",2134919873,"""天使w魔鬼乄""",41,43
"""珈百璃的后宫团""",2120881404,"""珈百璃""",38,44
"""简简单单最真""",2114146490,"""青山七海""",50,45
"""灰与幻想的格林姆迦尔""",2085100566,"""春酒""",43,46
"""星城""",2084446379,"""焊接者""",53,47
"""真步公主护卫会""",2079090533,"""柚柚子""",40,48
"""红魔馆""",2069117074,"""驱纹戒斗""",70,49
"""QAQ拉胯鱼塘""",2050894777,"""月藜""",57,50
"""风域""",2023856862,"""男妈i""",63,51
"""公主近卫团""",2014045300,"""叮咚丶""",52,52
"""绫绫""",1995423715,"""田心田""",58,53
"""彼岸花曼珠沙华""",1984393366,"""红茶我的最爱丶""",91,54
"""C5算法分析""",1982714413,"""伞伞""",47,55
"""放学后茶会""",1978567221,"""諾蓓兒""",90,56
"""龙宝等混吃混喝回家""",1967321087,"""迷路镇的库露宓""",89,57
"""獨行天下""",1958006200,"""腹黑的兔子""",56,58
"""某正义的巴别塔""",1957169686,"""欧皇""",55,59
"""希希公主幼儿园""",1953335086,"""公主希露薇""",80,60
